,Annualized Return,Annualized Vol,Monthly Return,Monthly Vol,Weight,Beta,Return from Beta,Alpha Return,Alpha Vol
Equity,0.05100,0.15761,0.00415,0.04550,0.37500,1.00000,0.00324,0.00000,0.00000
Hedge Fund,0.03300,0.06745,0.00271,0.01947,0.30000,0.30000,0.00097,0.00082,0.01389
Private Equity,0.07800,0.18674,0.00628,0.05391,0.20000,1.18000,0.00383,0.00154,0.00486
Real Estate,0.05900,0.10941,0.00479,0.03158,0.05000,0.60000,0.00195,0.00193,0.01588
Energy,0.04300,0.16099,0.00351,0.04647,0.02500,0.60000,0.00195,0.00066,0.03761
Liquidity,0.02160,0.03430,0.00178,0.00990,0.10000,0.00000,0.00000,0.00087,0.00990
Leverage,0.01100,0.04400,0.00091,0.01270,-0.05000,0.00000,0.00000,0.00000,0.01270
